Scientific Name,Common Name(s),Family
Adiantum pedatum,Maidenhair Fern,Pteridaceae
Equisetum hyemale,"Scouring-rush Horsetail, Horsetail, Scouring Rush, Canuela",Equisetaceae
Marsilea macropoda,"Bigfoot Water-clover, Water-clover, Clover-fern, Largefoot Pepperwort",Marsileaceae
Andropogon gerardii,"Big Bluestem, Tall Bluestem, Turkeyfoot",Poaceae
Andropogon glomeratus,"Bushy Bluestem, Brushy Bluestem",Poaceae
Andropogon virginicus,Broomsedge Bluestem,Poaceae
Aristida purpurea,"Purple Threeawn, Purple 3-awn, Purple Three-awn, Red Threeawn",Poaceae
Bothriochloa laguroides,"Silver Bluestem, Silver Beardgrass",Poaceae
Bouteloua curtipendula,"Sideoats Grama, Banderilla, Banderita, Navajita",Poaceae
Bouteloua dactyloides,"Buffalograss, Buffalo Grass",Poaceae
Bouteloua gracilis,Blue Grama,Poaceae
Bouteloua rigidiseta,Texas Grama,Poaceae
Chasmanthium latifolium,"Inland Sea Oats, Indian Wood Oats, Wild Oats, River Oats, Flathead Oats, Upland Oats, Upland Sea Oats",Poaceae
Elymus canadensis,Canada Wildrye,Poaceae
Eragrostis hirsuta,Big Top Love Grass,Poaceae
Eragrostis spectabilis,"Purple Lovegrass, Purple Love Grass, Purple Plains Lovegrass, Tumblegrass, Petticoat Climber",Poaceae
Eragrostis trichodes,"Sand Love Grass, Sand lovegrass",Poaceae
Eriochloa sericea,Texas Cupgrass,Poaceae
Leersia oryzoides,"Rice Cutgrass, Rice Cut Grass",Poaceae
Muhlenbergia lindheimeri,"Lindheimer's Muhly, Lindheimer Muhly, Big Muhly, Blue Muhly",Poaceae
Muhlenbergia reverchonii,Seep Muhly,Poaceae
Muhlenbergia schreberi,Nimblewill,Poaceae
Muhlenbergia utilis,"Aparejo Grass, Aparejo Muhly",Poaceae
Panicum virgatum,"Switchgrass, Wand Panic Grass",Poaceae
Poa arachnifera,"Texas Bluegrass, Texas Blue Grass",Poaceae
Schizachyrium scoparium,"Little Bluestem, Popotillo Azul",Poaceae
Setaria scheelei,"Southwestern Bristlegrass, Scheele's Bristlegrass, Scheele's Foxtail Grass, Foxtail Grass",Poaceae
Sorghastrum nutans,"Indiangrass, Yellow Indiangrass, Indian Grass",Poaceae
Tridens albescens,"White Tridens, White Top",Poaceae
Tridens flavus,Purpletop Tridens,Poaceae
Tripsacum dactyloides,"Eastern Gamagrass, Fakahatchee Grass",Poaceae
Achillea millefolium,"Common Yarrow, Western Yarrow, Yarrow, Milfoil",Asteraceae
Acmella oppositifolia var. repens,Spotflower,Asteraceae
Acourtia runcinata,"Featherleaf Desertpeony, Peonia",Asteraceae
Acourtia wrightii,"Brownfoot, Pink Perezia",Asteraceae
Amsonia ciliata,"Blue Amsonia, Fringed bluestar",Apocynaceae
Aquilegia canadensis,"Eastern Red Columbine, Wild Red Columbine",Ranunculaceae
Argemone polyanthemos,White Prickly Poppy,Papaveraceae
Argemone sanguinea,"Red Pricklypoppy, Rose Prickly Poppy, Red Prickly Poppy",Papaveraceae
Aristolochia erecta,Swanflower,Aristolochiaceae
Asclepias asperula,"Antelope-horns, Spider Milkweed, Green-flowered Milkweed, Spider Antelope-horns, Antelope Horns",Apocynaceae
Asclepias incarnata,"Swamp Milkweed, Pink Milkweed",Apocynaceae
Asclepias oenotheroides,"Zizotes Milkweed, Hierba De Zizotes, Side-cluster Milkweed, Longhorn Milkweed, Primrose Milkweed, Lindheimer's Milkweed",Apocynaceae
Asclepias texana,Texas Milkweed,Apocynaceae
Asclepias texana,Texas  Milkweed,Apocynaceae
Asclepias tuberosa,"Butterflyweed, Butterfly Weed, Butterfly Milkweed, Orange Milkweed, Pleurisy Root, Chigger Flower, Chiggerweed",Apocynaceae
Asclepias viridis,"Green Milkweed, Spider Milkweed",Apocynaceae
Baptisia bracteata,Wild Indigo,Fabaceae
Berlandiera lyrata,"Chocolate Daisy, Chocolate Flower, Lyreleaf Greeneyes, Green-eyed Lyre Leaf",Asteraceae
Brickellia eupatorioides,False Boneset,Asteraceae
Callirhoe involucrata,"Winecup, Purple Poppy Mallow",Malvaceae
Calylophus berlandieri,"Berlandier's Sundrops , Square-bud Primrose, Sundrops",Onagraceae
Calyptocarpus vialis,Horseherb,Asteraceae
Capsicum annuum,"Chile Tepin, Chile Pequin, Chiltepin, Chile Petin, Bird Pepper, Turkey Pepper , Cayenne Pepper",Solanaceae
Carex blanda,"Eastern Woodland Sedge, Creek Sedge, Common Wood Sedge",Cyperaceae
Carex cherokeensis,Cherokee Sedge,Cyperaceae
Carex emoryi,"Emory's Sedge, Emory Sedge",Cyperaceae
Carex perdentata,"Sand Sedge, Meadow Sedge",Cyperaceae
Carex texensis,Texas Sedge,Cyperaceae
Chaetopappa ericoides,Rose Heath,Asteraceae
Chamaecrista fasciculata,"Partridge Pea, Sleepingplant, Sensitive Plant",Fabaceae
Commelina erecta,"Dayflower, Widow's Tears, White-mouth Dayflower, Whitemouth Dayflower",Commelinaceae
Conoclinium coelestinum,"Blue Mistflower, Wild Ageratum, Blue Boneset",Asteraceae
Conoclinium coelestinum,"Gregg's Mistflower , Palmleaf Thoroughwort, Palm-leaf Mistflower, Palm-leaf Thoroughwort, Purple Palmleaf Mistflower, Purple Palmleaf Eupatorium",Asteraceae
Coreopsis basalis,"Goldenmane Tickseed, Golden-wave",Asteraceae
Coreopsis lanceolata,"Lanceleaf Coreopsis, Lance-leaved Coreopsis, Lanceleaf Tickseed, Sand Coreopsis",Asteraceae
Croton texensis,"Texas Croton, Doveweed, Texas Goatweed",Euphorbiaceae
Dalea aurea,"Golden Dalea, Golden Prairie Clover",Fabaceae
Dalea purpurea,Purple Prairie Clover,Fabaceae
Datura wrightii,"Jimsonweed, Sacred Thorn-apple, Thorn-apple, Angel Trumpet, Sacred Datura, Western Jimson Weed",Solanaceae
Delphinium carolinianum,"Larkspur, Carolina larkspur",Ranunculaceae
Desmanthus illinoensis,"Illinois Bundleflower, Bundleflower, Prairie Bundle Flower, Prickleweed, Illinois Desmanthus, Prairie Mimosa",Fabaceae
Dichondra carolinensis,"Carolina Ponyfoot, Ponyfoot",Convolvulaceae
Dracopis amplexicaulis,"Clasping Coneflower, Clasping-leaf Coneflower",Asteraceae
Dyschoriste linearis,"Snake Herb, Polkadots, Narrowleaf Dyschoriste",Acanthaceae
Echinacea angustifolia,"Black Samson, Black Samson Echinacea, Narrow-leaf Coneflower",Asteraceae
Engelmannia peristenia,"Engelmann's Daisy, Engelmann Daisy, Cutleaf Daisy",Asteraceae
Erigeron philadelphicus,Philadelphia Fleabane,Asteraceae
Eriogonum longifolium,"Longleaf Buckwheat, Longleaf Wild Buckwheat",Polygonaceae
Eryngium leavenworthii,"Leavenworth's Eryngo, Eryngo, False Purple Thistle",Apiaceae
Eryngium yuccifolium,"Rattlesnake Master, Button Eryngo, Button Snakeroot, Beargrass, Bear's Grass",Apiaceae
Eustoma exaltatum,"Catchfly Prairie Gentian, Bluebell Gentian, Western Blue Gentian, Blue Marsh Lily, Small Bluebell, Catchfly Gentian, Seaside Gentian",Gentianaceae
Fleischmannia incarnata,Pink Thoroughwort,Asteraceae
Gaillardia aestivalis,Lanceleaf blanketflower,Asteraceae
Gaillardia amblyodon,Maroon Blanket Flower,Asteraceae
Gaillardia pulchella,"Indian Blanket, Firewheel, Girasol Rojo",Asteraceae
Gaillardia suavis,"Pincushion Daisy, Fragrant Gaillardia, Rayless Gaillardia, Perfumeballs",Asteraceae
Geum canadense,White Avens,Rosaceae
Glandularia bipinnatifida,"Prairie Verbena, Purple Prairie Verbena, Dakota Vervain, Dakota Mock Vervain, Moradilla, Alfombrilla",Verbenaceae
Grindelia lanceolata,Narrowleaf Gumweed,Asteraceae
Grindelia squarrosa,Curlycup Gumweed,Asteraceae
Hedeoma acinoides,"Pannyroyal (annual), Slender False Pennyroyal",Lamiaceae
Hedeoma reverchonii,Reverchon's False Pennyroyal,Lamiaceae
Helenium amarum,Southern Wild Hyacinth,Asteraceae
Helenium autumnale,"Common Sneezeweed, Fall Sneezeweed, Autumn Sneezeweed",Asteraceae
Helianthus maximiliani,"Maximilian Sunflower, Max Sunflower",Asteraceae
Hibiscus laevis,"Halberdleaf Rosemallow, Halberdleaf Hibiscus, Scarlet Rose Mallow, Halberd-leaved Hibiscus, Halberd-leaved Rose-mallow",Malvaceae
Hibiscus moscheutos,"Crimson-eyed Rose-mallow, Marshmallow Hibiscus",Malvaceae
Hydrocotyle umbellata,"Manyflower Marsh-pennywort, Many-flowered Marsh-pennywort, Marsh Pennywort, Water Pennywort, Money Plant",Araliaceae
Ipomopsis rubra,"Standing Cypress, Texas Plume, Red Texas Star, Red Gilia",Polemoniaceae
Justicia americana,"American Water-willow, Water-willow",Acanthaceae
Liatris punctata var. mucronata,Gayfeather,Asteraceae
Lindheimera texana,"Texas Yellowstar, Texas Star, Texas Yellow-star, Lindheimer Daisy",Asteraceae
Lobelia cardinalis,Cardinal Flower,Campanulaceae
Ludwigia octovalvis,"Mexican Primrose-willow, Narrow-leaf Water Primrose, Seedbox, Mexican Primrose Willow",Onagraceae
Lupinus texensis,"Texas Bluebonnet, Bluebonnet, Texas Lupine, Buffalo Clover, Wolf Flower",Fabaceae
Marshallia caespitosa,"Barbara's-buttons, Puffballs, White Barbara's-buttons, Barbara's Buttons",Asteraceae
Melampodium leucanthum,"Blackfoot Daisy, Rock Daisy, Plains Blackfoot, Arnica",Asteraceae
Menodora longiflora,"Showy Menodora, Longflower menodora",Oleaceae
Monarda citriodora,"Lemon Beebalm, Purple Horsemint, Lemon Mint, Plains Horsemint, Lemon Horsemint, Horsemint, Purple Lemon Mint",Lamiaceae
Monarda fistulosa,Wild Bergamot,Lamiaceae
Monarda punctata,Spotted Beebalm,Lamiaceae
Nemophila phacelioides,"Texas Baby Blue Eyes, Large-flower Baby-blue-eyes, Baby Blue-eyes, Flannel Breeches",Boraginaceae
Neptunia lutea,"Yellow Sensitive Briar, Yellow Puff",Fabaceae
Oenothera jamesii,"Trumpet Evening-primrose, Trumpet Evening Primrose, River Primrose",Onagraceae
Oenothera lindheimeri,Pink Gaura,Onagraceae
Oenothera macrocarpa,"Missouri Primrose, Fluttermills",Onagraceae
Oenothera speciosa,"Pink Evening Primrose, Showy Evening Primrose, Mexican Evening Primrose, Showy Primrose, Pink Ladies, Buttercups, Pink Buttercups",Onagraceae
Onosmodium bejariense var. bejariense,Marbleseed,Boraginaceae
Packera obovata,"Golden Groundsel, Roundleaf Groundsel, Roundleaf Ragwort",Asteraceae
Penstemon cobaea,"Prairie Penstemon, Prairie Beardtongue, Foxglove Penstemon, Foxglove Beardtongue, False Foxglove, Large-flowered Penstemon, Large-flowered Beardtongue, Cobaea Penstemon, Cobaea Beardtongue, Wild Foxglove",Plantaginaceae
Penstemon triflorus,"Hill Country Penstemon, Hill Country Beardtongue, Scarlet Penstemon, Scarlet Beardtongue, Heller's Penstemon, Heller's Beardtongue",Plantaginaceae
Phacelia congesta,"Caterpillars, Blue Curls, Fiddleneck",Boraginaceae
Phlox drummondii,"Annual Phlox, Drummond Phlox, Pride-of-Texas, Texas Pride",Polemoniaceae
Phlox pilosa,"Downy Phlox, Prairie Phlox, Fragrant Phlox",Polemoniaceae
Phyla nodiflora,"Texas Frogfruit, Turkey Tangle Fogfruit, Frogfruit",Verbenaceae
Physostegia angustifolia,Spring Obedient / Flase Dragon Head,Lamiaceae
Physostegia correllii,Correll's False Dragonhead,Lamiaceae
Physostegia virginiana,"Fall Obedient Plant, False Dragonhead, Virginia Lions-heart",Lamiaceae
Pluchea odorata,"Sweetscent, Saltmarsh Fleabane",Asteraceae
Pontederia cordata,"Pickerelweed, Pickerel Rush",Pontederiaceae
Ranunculus macranthus,Large Buttercup,Ranunculaceae
Ratibida columnifera,"Mexican Hat, Red-spike Mexican Hat, Upright Prairie Coneflower, Prairie Coneflower, Long-headed Coneflower, Thimbleflower",Asteraceae
Rhynchospora colorata,"Whitetop Sedge, White-topped Sedge, Starrush Whitetop, Star Sedge, Star Rush",Cyperaceae
Rudbeckia hirta,"Black-eyed Susan, Common Black-eyed Susan, Brown-eyed Susan, Blackeyed Susan",Asteraceae
Ruellia humilis,Prairie Petunia,Acanthaceae
Ruellia nudiflora,"Violet Ruellia, Common Wild Petunia, Violet Wild Petunia, Wild Petunia, Hierba De La Calentura",Acanthaceae
Sagittaria lancifolia,Lanceleaf Arrowhead,Alismataceae
Sagittaria platyphylla,Delta Arrowhead,Alismataceae
Salvia azurea,"Pitcher Sage, Blue Sage",Lamiaceae
Salvia coccinea,"Scarlet Sage, Tropical Sage, Blood Sage, Red Sage, Indian Fire",Lamiaceae
Salvia engelmannii,"Engelmann's Sage, Engelmann's Salvia",Lamiaceae
Salvia farinacea,"Mealy Blue Sage, Mealy Sage, Mealycup Sage",Lamiaceae
Salvia lyrata,"Lyreleaf Sage, Cancer Weed",Lamiaceae
Salvia pentstemonoides,Big Red Sage,Lamiaceae
Salvia roemeriana,Cedar Sage,Lamiaceae
Salvia texana,"Texas Sage, Blue Sage",Lamiaceae
Saururus cernuus,"Lizard's Tail, Lizard Tail, Breastweed, Water Dragon",Saururaceae
Scutellaria ovata,"Heartleaf Skullcap, Heart-leaf Skullcap",Lamiaceae
Scutellaria wrightii,"Wright's Skullcap, Bushy Skullcap, Shrubby Skullcap",Lamiaceae
Senna roemeriana,"Twoleaf Senna, Two Leaved Senna",Fabaceae
Silphium albiflorum,"White Rosinweed, White-flowered Rosinweed, Compass Plant",Asteraceae
Sisyrinchium angustifolium,"Narrowleaf Blue-eyed Grass, Narrow-leaf Blue-eyed-grass, Bermuda Blue-eyed Grass, Blue-eyed Grass",Iridaceae
Solanum triquetrum,"Texas Nightshade, Hierba Mora",Solanaceae
Solidago altissima,"Tall Goldenrod, Late Goldenrod, Canadian Goldenrod, Canada Goldenrod",Asteraceae
Solidago nemoralis,"Gray Goldenrod, Prairie Goldenrod, Oldfield Goldenrod, Grayleaf Goldenrod, Gray-leaved Goldenrod, Dyersweed Goldenrod, Dwarf Goldenrod, Field Goldenrod",Asteraceae
Symphyotrichum ericoides,"White Heath Aster, Heath Aster",Asteraceae
Symphyotrichum oblongifolium,"Aromatic Aster, Aromatic American Aster, Fall Aster, Wild Blue Aster, Shale Aster",Asteraceae
Symphyotrichum praealtum,Willowleaf Aster,Asteraceae
Tetraneuris scaposa,"Four-nerve Daisy, Hymenoxys, Stemmy Four-nerve Daisy, Yellow Daisy, Bitterweed",Asteraceae
Teucrium canadense,"American Germander, Canada Germander, Canadian Germander, Germander, Hairy Germander, Wood Sage",Lamiaceae
Teucrium cubense,Small Coastal Germander,Lamiaceae
Thelesperma simplicifolium,"Navajo Tea, Slender greenthread",Asteraceae
Tinantia anomala,False Dayflower,Commelinaceae
Tradescantia gigantea,"Spiderwort, Giant spiderwort",Commelinaceae
Tradescantia humilis,Texas Spiderwort,Commelinaceae
Tradescantia occidentalis,"Prairie Spiderwort, Western Spiderwort, Spiderwort",Commelinaceae
Verbena xutha,Gulf Vervain,Verbenaceae
Verbesina encelioides,"Cowpen Daisy, Golden Crownbeard, Butter Daisy",Asteraceae
Verbesina virginica,"Frostweed, White Crownbeard, Iceplant, Iceweed, Virginia Crownbeard, Indian Tobacco, Richweed, Squawweed",Asteraceae
Vernonia baldwinii,"Western Ironweed, Baldwin's Ironweed, Ironweed",Asteraceae
Vernonia ×guadalupensis,Guadalupe Ironweed,Asteraceae
Vernonia lindheimeri,Woolly Ironweed,Asteraceae
Viola missouriensis,Missouri Violet,Violaceae
Rivina humilis,"Pigeonberry, Rouge Plant, Baby-peppers, Bloodberry",Petiveriaceae
Ageratina havanensis,"Shrubby Boneset, White Mistflower, White Shrub Mistflower, Havana Snakeroot",Asteraceae
Aloysia gratissima,"Whitebrush, Bee-brush, White-brush, Common Bee-brush, Beebrush, Privet Lippia",Verbenaceae
Amorpha canescens,Leadplant,Fabaceae
Amorpha fruticosa,"Indigo Bush, False Indigo Bush, False Indigo, Desert False Indigo",Fabaceae
Amorpha roemeriana,"Texas Indigo Bush, Roemer's false indigo",Fabaceae
Anisacanthus quadrifidus var. wrightii,Flame Acanthus,Acanthaceae
Bernardia myricifolia,Mouse Ears,Euphorbiaceae
Callicarpa americana,"American Beautyberry , French Mulberry",Lamiaceae
Celtis ehrenbergiana,Desert (Spiny) Hackberry,Cannabaceae
Cephalanthus occidentalis,"Common Buttonbush, Buttonbush, Button Willow, Honey Bells, Honeybells, Honey Balls, Honeyballs, Button-bush",Rubiaceae
Chloracantha spinosa,"Spiny Chloracantha, Mexican Devil-weed",Asteraceae
Colubrina texensis,Texas Hogplum,Rhamnaceae
Condalia hookeri,Brasil,Rhamnaceae
Erythrina herbacea,Coral Bean,Fabaceae
Eysenhardtia texana,"Texas Kidneywood, Kidneywood, Bee Brush, Vara Dulce, Palo Dulce",Fabaceae
Forestiera pubescens,"Elbowbush, Stretchberry, Spring Herald, Desert Olive, Tanglewood, Devil's Elbow, Spring Goldenglow, New Mexico Privet, Texas Forsythia",Oleaceae
Frangula caroliniana,"Carolina Buckthorn, Carolina False Buckthorn, Yellow Buckthorn, Indian Cherry, Yellowwood",Rhamnaceae
Garrya ovata ssp. lindheimeri,"Mexican Silktassel, Lindheimer's Silktassel",Garryaceae
Lantana urticoides,"Texas Lantana, Calico Bush",Verbenaceae
Leucophyllum frutescens,"Cenizo, Purple Sage, Texas Ranger, Texas Barometer Bush, Texas Silverleaf, Texas Sage, Silverleaf",Scrophulariaceae
Lindera benzoin,"Northern Spicebush, Spicebush, Wild Allspice",Lauraceae
Mahonia swaseyi,"Texas Barberry, Texas Oregon-grape",Berberidaceae
Mahonia trifoliolata,"Agarita, Agarito, Algerita, Laredo Mahonia, Laredo Oregon-grape, Trifoliate Barberry, Wild Currant",Berberidaceae
Malvaviscus arboreus var. drummondii,Turks Cap,Malvaceae
Mimosa borealis,"Fragrant Mimosa, Pink Mimosa",Fabaceae
Mimosa texana,Texas Mimosa,Fabaceae
Pavonia lasiopetala,"Rock Rose, Rose Pavonia, Rose Mallow, Pavonia",Malvaceae
Philadelphus texensis,Texas Mock Orange,Hydrangeaceae
Rhus aromatica,"Fragrant Sumac, Aromatic Sumac, Lemon Sumac, Polecat Bush",Anacardiaceae
Rhus microphylla,Littleleaf Sumac,Anacardiaceae
Rhus virens,"Evergreen Sumac, Tobacco Sumac, Lambrisco, Lentrisco",Anacardiaceae
Sambucus nigra ssp. canadensis,Common Elderberry,Adoxaceae
Symphoricarpos orbiculatus,"Coralberry, Indian Currant, Buckbrush",Caprifoliaceae
Tecoma stans,Yellow Bells,Bignoniaceae
Viguiera dentata,Toothleaf goldeneye,Asteraceae
Senna lindheimeriana,"Lindheimer's Senna, Velvet Leaf Senna, Velvetleaf Senna, Velvet-leaf Wild Sensitive-plant, Puppy-dog Ears",Fabaceae
Cornus drummondii,"Roughleaf Dogwood, Drummond's Dogwood, Rough-leaf Dogwood",Cornaceae
Dermatophyllum secundiflorum,Texas Mountain Laurel,Fabaceae
Ilex decidua,"Possumhaw, Possumhaw Holly, Deciduous Holly, Meadow Holly, Prairie Holly, Swamp Holly, Welk Holly, Deciduous Yaupon, Bearberry, Winterberry",Aquifoliaceae
Ilex vomitoria,"Yaupon, Yaupon Holly, Cassina",Aquifoliaceae
Leucaena retusa,"Goldenball Leadtree, Littleleaf Leadtree, Little Leucaena, Lemonball, Wahoo Tree",Fabaceae
Prunus angustifolia,"Chickasaw Plum, Sandhill Plum",Rosaceae
Rhus lanceolata,"Prairie Flameleaf Sumac, Flameleaf Sumac, Prairie Sumac, Lance-leaf Sumac, Lance-leaved Sumac, Texas Sumac, Tree Sumac, Limestone Sumac, Prairie Shining Sumac",Anacardiaceae
Sambucus nigra,Black Elderberry,Adoxaceae
Senegalia greggii,"Gregg Acacia, Gregg's Acacia, Gregg Catclaw Acacia, Gregg's Catclaw Acacia, Gregg Catclaw, Gregg's Catclaw, Texas Catclaw Acacia, Texas Catclaw, Long-flowered Catclaw Acacia, Longflower Catclaw Acacia, Long-flowered Catclaw, Longflower Catclaw, Catclaw Acacia, Catclaw, Devil's Claw, Uña De Gato",Fabaceae
Senegalia wrightii,"Wright Acacia, Wright's Acacia, Catclaw Acacia, Catclaw",Fabaceae
Vachellia farnesiana,"Huisache, Texas Huisache, Sweet Acacia, Perfume Acacia, Mealy Acacia, Mealy Wattle, Cassie",Fabaceae
Viburnum rufidulum,"Rusty Blackhaw Viburnum, Rusty Blackhaw, Southern Blackhaw, Blackhaw, Bluehaw, Downy Viburnum, Southern Nannyberry, Rusty Nannyberry, Nannyberry",Adoxaceae
Abutilon fruticosum,"Indian Mallow, Texas Indian Mallow",Malvaceae
Chrysactinia mexicana,Damianita,Asteraceae
Dalea frutescens,"Black Dalea, Black Prairie Clover",Fabaceae
Penstemon baccharifolius,"Rock Penstemon, Rock Beardtongue, Cut-leaf Penstemon, Cut-leaf Beardtongue, Baccharis-leaf Penstemon, Baccharis-leaf Beardtongue",Plantaginaceae
Perityle lindheimeri,"Rocky Daisy, Lindheimer's rock daisy",Asteraceae
Salvia ballotiflora,Shrubby Blue Sage,Lamiaceae
Salvia greggii,"Autumn Sage, Cherry Sage, Gregg Salvia",Lamiaceae
Wedelia acapulcensis,Orange Zexmenia,Asteraceae
Wedelia acapulcensis var. hispida,Zexmenia,Asteraceae
Agave americana,Blue Agave (Century Plant),Asparagaceae
Dasylirion texanum,"Texas Sotol, Sotol",Asparagaceae
Hesperaloe parviflora,"Red Yucca, Coral Yucca, Red-flowered False Yucca, Redflower False Yucca, Yellow Yucca, Hummingbird Yucca, Samandoque",Asparagaceae
Manfreda maculosa,"False Aloe, Spice Lily, Spice-lily",Asparagaceae
Nolina lindheimeriana,"Devil's Shoestring, Devil's-shoestring, Ribbon Grass",Asparagaceae
Nolina texana,"Texas Sacahuista, Texas Beargrass, Basket Grass, Sacahuista, Bunchgrass, Texas Bear-grass",Asparagaceae
Opuntia engelmannii,Prickly Pear 'Englemann's',Cactaceae
Yucca constricta,"Buckley Yucca, Buckley's Yucca",Asparagaceae
Yucca rupicola,"Twistleaf Yucca, Twisted-leaf Yucca, Texas Yucca, Spanish Dagger",Asparagaceae
Yucca treculeana,"Spanish Dagger, Spanish Bayonet, Don Quixote's Lance, Palma Pita, Palma De Datil, Palmito",Asparagaceae
Acer grandidentatum,"Bigtooth Maple, Big-toothed Maple, Uvalde Bigtooth Maple, Southwestern Bigtooth Maple, Canyon Maple, Sabinal Maple, Western Sugar Maple",Sapindaceae
Acer negundo,Box Elder,Sapindaceae
Aesculus glabra,"Ohio Buckeye, Texas Buckeye, Fetid Buckeye, Horse Chestnut",Sapindaceae
Aesculus pavia,"Red Buckeye, Scarlet Buckeye , Firecracker Plant",Sapindaceae
Arbutus xalapensis,Texas Madrone,Ericaceae
Carya illinoinensis,Pecan,Juglandaceae
Cercis canadensis var. mexicana,Mexican Redbud,Fabaceae
Cercis canadensis var. texensis,Texas Redbud,Fabaceae
Chilopsis linearis,"Desert Willow, Flowering Willow, Willow-leaved Catalpa, Willowleaf Catalpa, Bow Willow, Flor De Mimbre, Mimbre",Bignoniaceae
Cotinus obovatus,"American Smoke Tree, Texas Smoke Tree, Wild Smoke Tree, Smoke Tree, Smokebush, Chittamwood",Anacardiaceae
Diospyros texana,"Texas Persimmon, Mexican Persimmon, Black Persimmon, Chapote, Chapote Prieto",Ebenaceae
Diospyros virginiana,"Common Persimmon, Eastern Persimmon, Possumwood, Date Plum, Winter Plum, Jove's Fruit",Ebenaceae
Ehretia anacua,"Anacua, Sugarberry Anacua, Anaqua, Anacahuita, Knockaway, Knackaway, Sandpaper Tree, Manzanita, Manzanillo, Tlalahuacate",Boraginaceae
Fraxinus albicans,"Texas Ash, Mountain Ash",Oleaceae
Fraxinus pennsylvanica,Green Ash Tree / Water Ash,Oleaceae
Gleditsia triacanthos,"Honey Locust, Common Honey Locust, Thorny Common Honey Locust, Honey Shucks Locust, Sweet Locust, Thorny Locust, Honey Shucks, Sweet Bean Tree",Fabaceae
Juglans microcarpa,"Littleleaf Walnut, Little walnut",Juglandaceae
Juglans nigra,Black Walnut,Juglandaceae
Juniperus ashei,Ashe Juniper,Cupressaceae
Juniperus virginiana,"Eastern Red Cedar, Eastern Redcedar, Virginia Juniper, Red Juniper, Pencil Cedar, Carolina Cedar, Red Savin",Cupressaceae
Maclura pomifera,"Osage Orange, Bois d' Arc, Bodark, Horse Apple, Hedge Apple, Bowwood, Yellowwood, Naranjo Chino, Monkey Brains",Moraceae
Malus ioensis var. texana,Blanco Crabapple,Rosaceae
Morus microphylla,"Texas Mulberry, Littleleaf Mulberry, Mountain Mulberry, Mexican Mulberry, Dwarf Mulberry",Moraceae
Morus rubra,"Red Mulberry, Moral",Moraceae
Parkinsonia aculeata,Retama,Fabaceae
Platanus occidentalis,"American Sycamore, Eastern Sycamore, American Plane Tree, Plane Tree, Buttonwood, Buttonball Tree",Platanaceae
Populus deltoides,"Eastern Cottonwood, Carolina Poplar, Necklace Poplar, Alamo",Salicaceae
Prunus caroliniana,"Carolina Cherry-laurel, Cherry-laurel, Laurel Cherry, Carolina Laurel Cherry",Rosaceae
Prunus mexicana,"Mexican Plum, Bigtree Plum, Inch Plum",Rosaceae
Prunus serotina,"Black Cherry, Wild Black Cherry, Rum Cherry",Rosaceae
Prunus serotina var. eximia,Escarpment Cherry,Rosaceae
Ptelea trifoliata,"Wafer Ash, Common Hoptree, Hop Tree",Rutaceae
Quercus buckleyi,"Texas Red Oak, Buckley Oak, Texas Oak, Spanish Oak, Spotted Oak, Rock Oak",Fagaceae
Quercus fusiformis,"Escarpment Live Oak, Plateau Live Oak, Hill Country Live Oak, Texas Live Oak, Scrub Live Oak, Plateau Oak, Encino Molino, Tesmoli",Fagaceae
Quercus laceyi,"Lacey Oak, Texas Blue Oak, Canyon Oak, Smoky Oak, Rock Oak",Fagaceae
Quercus macrocarpa,"Bur Oak, Burr Oak, Savanna Oak, Overcup Oak, Prairie Oak, Mossy-cup Oak, Mossy-overcup Oak, Blue Oak",Fagaceae
Quercus marilandica,"Blackjack Oak, Barren Oak, Black Oak, Jack Oak",Fagaceae
Quercus muehlenbergii,Chinquapin Oak,Fagaceae
Quercus shumardii,"Shumard Oak, Shumard's Oak, Shumard Red Oak, Southern Red Oak, Swamp Red Oak, Spotted Oak",Fagaceae
Quercus virginiana,"Coastal Live Oak, Southern Live Oak, Virginia Live Oak, Live Oak, Encino",Fagaceae
Sabal mexicana,Texas Palmetto,Arecaceae
Sabal minor,"Dwarf Palmetto, Bush Palmetto, Palmetto",Arecaceae
Salix nigra,"Black Willow, Gulf Black Willow, Swamp Willow, Sauz",Salicaceae
Sapindus saponaria var. drummondii,"Wingleaf Soapberry, Soapberry, Wild China Tree",Sapindaceae
Sideroxylon lanuginosum,"Gum Bumelia, Gum Bully, Woollybucket Bumelia, Woolly Bumelia, Gum Woollybucket, Woolly Buckthorn, Chittamwood, Shittamwood, Gum Elastic, Coma, Black Haw",Sapotaceae
Styphnolobium affine,"Eve's Necklace, Eve's Necklacepod, Texas Sophora, Pink Sophora, Necklace Tree",Fabaceae
Taxodium distichum,"Bald Cypress, Baldcypress, Common Bald Cypress, Southern Bald Cypress, Deciduous Cypress, Southern Cypress, Swamp Cypress, Red Cypress, White Cypress, Yellow Cypress, Gulf Cypress, Tidewater Red Cypress",Cupressaceae
Tilia americana,"American Basswood, American Linden, Lime Tree, Bee Tree",Malvaceae
Ulmus americana,"American Elm, White Elm, Soft Elm, Water Elm, Common Elm",Ulmaceae
Ulmus crassifolia,"Cedar Elm, Fall Elm, Basket Elm, Scrub Elm, Lime Elm, Texas Elm, Southern Rock Elm, Olmo",Ulmaceae
Ungnadia speciosa,"Mexican Buckeye, Monilla",Sapindaceae
Acleisanthes obtusa,Berlandier's Trumpet,Nyctaginaceae
Campsis radicans,"Trumpet Creeper, Trumpet Vine, Common Trumpet Creeper, Cow Vine, Foxglove Vine, Hellvine, Devil's Shoestring",Bignoniaceae
Clematis drummondii,Old Man's Beard,Ranunculaceae
Clematis pitcheri,"Purple Leatherflower, Purple Clematis, Leatherflower, Bluebill, Bellflower Clematis, Pitcher's Clematis",Ranunculaceae
Clematis texensis,"Scarlet Clematis, Scarlet Leatherflower, Texas Clematis",Ranunculaceae
Cocculus carolinus,Carolina Snailseed,Menispermaceae
Cynanchum barbigerum,"Cynanchum, Bearded Swallow-wort, Thicket Threadvine",Apocynaceae
Funastrum cynanchoides,"Fringed Twinevine, Climbing Milkweed Vine, Twine-vine",Apocynaceae
Lonicera albiflora,"Western White Honeysuckle, White Shrub Honeysuckle, White Bush Honeysuckle, White Limestone Honeysuckle, Texas Honeysuckle, White Honeysuckle",Caprifoliaceae
Lonicera sempervirens,"Coral Honeysuckle, Trumpet Honeysuckle, Woodbine",Caprifoliaceae
Matelea biflora,"Star Milkvine, Purple Milkweed Vine",Apocynaceae
Matelea reticulata,"Pearl Milkweed Vine, Netted Milkvine, Green Milkweed Vine, Net Vein Milkvine",Apocynaceae
Maurandella antirrhiniflora,"Snapdragon Vine , Roving Sailor, Climbing Snapdragon, Little Snapdragon Vine",Plantaginaceae
Merremia dissecta,"Alamo Vine, Noyau Vine, Correhuela De Las Doce",Convolvulaceae
Parthenocissus quinquefolia,Virginia Creeper,Vitaceae
Passiflora affinis,"Yellow Passionflower, Bracted Passionflower",Passifloraceae
Passiflora foetida,"Corona De Cristo, Fetid Passionflower",Passifloraceae
Passiflora tenuiloba,"Slenderlobe Passionflower, Birdwing Passionflower",Passifloraceae
Vitis mustangensis,Mustang Grape,Vitaceae
Colubrina texensis,Texas Hog Plum,Rhamnaceae
Juncus texanus,Texas Rush,Juncaceae
Leptochloa dubia,Green Sprangletop,Poaceae
Muhlenbergia dubia,Pine Muhly,Poaceae
Simsia calva,Awnless Bushsunflower,Asteraceae
Plectocephalus americanus,American Basket-flower,Asteraceae
